species,T,La,S,Ro,muF
Alaria_nana,2.454381627,2.997633846,0.574285905,2.839132717,4.835716887
Ascophyllum_nodosum_3,8.924421934,2.90483447,0.985102883,0.671884481,1.396033347
Pterygophora_californica,5.313688312,5,18.10298157,931290104.6,1228155879
Aeschynomene_virginica,1.046826623,1,0,0.449932411,1.188962676
Brassica_napus_2,1.046754404,2,0,307.4748027,619.3460001
Collinsia_verna,1.273397632,1,0,0.650174166,4.819
Catopsis_compacta,14.30043598,11.70524148,0.799218167,1.942962253,3.56
Catopsis_sessiliflora,19.81659812,8.815290987,0.023014685,0.020087945,4.429
Guarianthe_aurantiaca,41.45123823,8.833181202,0.278172249,0.578099434,0.07056683
Jacquiniella_leucomelana,5.601145942,3.490675722,0.77727949,0.598557998,0.643666667
Jacquiniella_teretifolia,16.41245404,11.0637571,0.707099219,0.715265008,1.754666667
Lepanthes_eltoroensis,128.9566004,7.155146909,2.09E-06,4.46E-07,0.204
Lepanthes_rubripetala,39.72615309,1,2.56E-08,2.11E-08,1.092
Lycaste_aromatica,47.13343444,7.247674896,0.100257467,0.084461718,0.055
Tillandsia_deppeana,10.36024247,7.413790274,0.220877068,0.180601654,49.444
Tillandsia_juncea,21.7014974,8.741714004,0.410669702,1.232177585,6.714
Tillandsia_multicaulis_2,15.02805088,8.532463732,0.344334379,0.313153807,1.457748996
Tillandsia_recurvata,11.1737711,2.882845188,1.186985587,4.072551689,0.514466424
Tillandsia_violacea,28.38630476,13.79928753,0.147563751,0.244251482,0.209562187
Vulpicida_pinastri,38.38066645,2,2.009203041,3.892048135,0.205280814
Werauhia_sanguinolenta,16.20954626,12.16186792,0.855850699,5.353587385,19.4
Asplenium_adulterinum,22.02592233,5.101661816,0.907907554,2.566266649,0.1871385
Asplenium_cuneifolium,31.2329866,6.034224414,0.89437724,7.347911755,0.20483375
Actaea_elata,13.39104173,6.59443616,0.171503048,0.246091964,0.4055
Actaea_spicata,17.18264539,6.451270223,3.590117921,0.6698317,106.8166667
Agrimonia_eupatoria,42.2105813,7.387954107,0.165780382,0.932411811,0.2185
Agropyron_cristatum,7.463890039,2,5.891327101,6176.316547,197.297824
Anemone_patens,5.583872592,2.113131027,1.13683385,1.108451502,0.203734761
Anthyllis_vulneraria_subsp._alpicola,12.34525079,2.102839813,0.988078493,1.093043301,0.329596322
Antirrhinum_lopesianum,14.89241527,3.42994395,0.243312129,0.254430448,0.159770263
Aquilegia_chrysantha,6.081279138,3.918066742,2.508066596,0.369331109,42.5151
Arabis_fecunda,3.216239217,3.753969959,0.660720664,3.306534905,3.130076449
Arisaema_serratum,14.39937621,8.400604708,0.467339252,0.838730232,6.322231728
Armeria_maritima,11.78768021,4.597444089,0.999978432,85.20700477,37.23622286
Armeria_merinoi,6.709729105,2.784539218,0.314581547,0.197138152,0.197189622
Artemisia_genipi,14.26713264,5.417083069,1.305829858,1.668566733,0.56690504
Asclepias_meadii,20.92614673,8.383499233,0.034579425,0.048380855,0.39995
Astragalus_michauxii,6.807016593,1,0.445846815,0.76494193,0.128823519
Astragalus_peckii,5.122451049,2,0.127832511,1.945849339,30.16492526
Astragalus_scaphoides_2,6.519446798,4.856136819,0.54398364,2.250902368,1.631000337
Astragalus_tremolsianus,25.41877799,3.324230847,0.470266323,1.360943792,0.118924146
Astragalus_tyghensis,8.06665294,2,0.689814818,1.090243203,0.689613424
Borderea_chouardii,101.2852259,8.694694195,0.218493978,1.204250789,0.258761491
Bothriochloa_ischaemum,8.313600542,3.873238733,0.431600994,0.170467062,1.222717721
Braya_fernaldii,10.7338099,7.127659574,5.821033305,0.097127168,132.7956514
Braya_longii,11.30346771,7.040816327,5.753053558,0.40587968,206.8315422
Calathea_micans,32.391167,4,0.453484315,122.9996053,0.58483296
Calathea_ovandensis,19.51961951,2.011122346,0.47288884,0.756026174,9.501988654
Calochortus_albus,7.093567997,2.98019802,0.300569273,21.5778392,2.262069191
Calochortus_lyallii,16.24160948,9.094714859,0.54401027,0.969226712,0.818220589
Calochortus_macrocarpus,19.12158749,10.05473278,0.159004269,0.24754628,0.909504116
Calochortus_pulchellus,16.22429238,2.98019802,1.119751277,5.845977011,2.672035888
Carex_bigelowii,3.965950658,3.96442006,0,0.033765745,0.069267309
Carlina_vulgaris_2,3.191205408,4.92202558,0.021503959,12.1116224,23.14342069
Centaurea_horrida,37.01762793,4.481053673,0.806545484,1.27660071,0.119951508
Centaurea_stoebe_2,4.393701493,2.207350639,0.028585526,0.004603767,0.2
Cimicifuga_elata,8.180199118,5.834954733,0.692911972,3.229210151,2.9288
Cimicifuga_rubifolia,12.03069314,2.554001554,0.689311713,0.691289427,0.081555844
Cirsium_palustre,3.592645764,3.639456931,0.734604035,3.843646799,144.951939
Cirsium_perplexans,4.552784461,3.751313485,0.156559193,0.357093192,26.85
Cirsium_pitcheri_8,5.204986017,4.935827219,0.213452212,0.586809974,2.9018
Cirsium_scariosum,8.2993657,5.703703704,0,0.164902604,19.46
Cirsium_undulatum_var._tracyi,5.207659329,6.566210046,2.713275606,7.96426195,40.06
Cirsium_vulgare,2.744095245,2.485522292,6.76208296,1.610049239,147.22745
Cirsium_vulgare_3,4,3,0,0.217804693,2128
Cleistes_divaricata_var._bifaria,5.030476359,2.818202569,0.139922718,0.034022304,0.5125
Cleistes_divaricata_var._divaricata,6.410066197,4.121695305,0.18761678,0.136155893,0.503333333
Cochlearia_bavarica,7.403509441,4.419809902,0.219734688,0.092174105,14
Cochlearia_pyrenaica,5.343115575,3.760757552,0.107275814,0.542425718,24
Cryptantha_flava,6.3447422,2,0.623169241,0.490482484,0.24989014
Cynoglossum_officinale,3.571439454,3,0.134892582,2.1346875,297
Cypripedium_calceolus,264.9026078,4.458503022,18.22438197,0.192317659,10185.90162
Cypripedium_fasciculatum,18.85062993,6.636023436,0.432039328,1.081824579,0.35
Cypripedium_parviflorum_var._parviflorum,47.18884763,10.55078206,5.82E-07,0.000212972,4601.824594
Dactylorhiza_lapponica_2,13.24910665,5.058134545,0.148437602,4.045281872,227
Danthonia_sericea,15.45273632,2.165501166,1.569391238,2.696790299,1.570521997
Daucus_carota,3.334988978,3.277887002,1.181360299,1.195253141,243
Dicerandra_frutescens,8.386405944,2.882009948,7.159001067,0.326073319,77.53294059
Digitalis_purpurea_2,8.18597684,4.013414749,0,0.119545441,17468.142
Dipsacus_sylvestris_2,4.957940728,3.649744943,0.647739609,1.280483117,314.029625
Disporum_sessile,8.048804531,2.390820584,1.071486327,1.504371381,0.911969209
Draba_asterophora,14.58174033,2,0.905622298,0.707397622,0.100047635
Echinacea_angustifolia_2,26.30450816,5.383791028,0.744916358,1.903635432,0.210042274
Echium_vulgare,3.431448812,3.3894081,0.025373289,0.304686398,121.716
Erodium_paularense,32.16791148,2,0.53144373,0.553154475,0.054846717
Eryngium_alpinum,12.34881328,5.350367593,0.942181973,1.815942538,21.67611746
Eryngium_cuneifolium,8.387446304,3.063923633,2.095109581,0.448245972,240.9216085
Erythronium_japonicum_2,32.21974573,12.99750779,2.200519463,5.119387258,23.7695252
Fritillaria_meleagris,15.55737823,5.167585632,1.097036485,1.322527486,0.407798658
Gentianella_campestris,2.218741748,2,0,0.653804224,636.6193798
Geum_rivale,22.84100546,8.376619268,0.240145372,1.387043197,1.392833333
Helenium_virginicum,23.71612052,3.337731531,0,13.08334637,1025.0075
Helianthemum_polygonoides,9.840778929,2.680672269,0.761808484,0.628131924,96.50878207
Heliconia_acuminata,51.57937537,2.025641026,0.501240979,1.94737445,0.034390821
Heracleum_mantegazzianum,6.95178186,4.970683226,0.170902873,0.266781736,1.85
Hilaria_mutica,6.782116712,2.233273725,0.764952595,0.829755851,1.068759247
Himantoglossum_hircinum,6.396211709,7.496506182,7.867393701,5.919792021,1000
Horkelia_congesta,14.02192488,4.831004112,0.638964971,1.042789006,0.290244289
Ipomoea_leptophylla,6.615772822,4.333333333,0.499323155,24.63235777,2.270568738
Ipomopsis_aggregata,3.190099675,2,0.065198663,0.082040341,6.92690392
Ipomopsis_tenuituba,7.64127034,5,0.228928988,3.173786335,12.27581182
Isatis_tinctoria,4,3,6.526359753,2.229768,496
Lactuca_virosa,4,3,0,0.9984,16000
Lathyrus_vernus,23.79608301,8.603042918,0.276601193,1.11115186,0.968421175
Lepanthes_rupestris_2,2.973209578,2.761664041,0.025749354,0.170390408,4.293147624
Lespedeza_virginica,3.295451219,1,5.067020431,7.395075,21.83572122
Liatris_scariosa,4.442193896,4.63601134,0.573078984,3.954289932,12.10699695
Limonium_carolinianum,17.53128403,3.766784452,3.064637628,1.145996144,3055.643404
Limonium_delicatulum,5.568847159,3,0,4.661514678,482.1075707
Limonium_geronense,10.70833789,3.88731253,0.513617181,0.589910354,0.30855014
Limonium_malacitanum,13.10780305,3.001328186,0.181054994,0.066626632,0.144249088
Linum_catharticum,1.705120575,2,0,6.015129104,20.75634806
Lithospermum_ruderale,24.66687497,3.991764175,0.397167501,1.717821999,6.932272586
Lobularia_maritima,4.431623238,2.106410111,10.27578754,0.07422687,93.84196131
Lomatium_bradshawii,7.547563876,2.701677193,0.574475142,0.6070447,0.573942202
Lomatium_cookii,9.249650791,5.964035431,1.088078131,1.21360736,2.320594335
Lotus_arinagensis,3.490786905,2,0.278464329,1.167780978,4.128315946
Lupinus_tidestromii,6.357405645,2,0.312719363,0.708951059,0.537814714
Mimulus_cardinalis,4.461196707,1,9.443860992,4.039887095,17179.45709
Mimulus_lewisii,7.124929691,1,15.65250322,1.490333804,16108.41807
Minuartia_obtusiloba,169.3130242,3,0,0.997674693,0.087999179
Molinia_caerulea,12.36391107,3.346977338,2.045674883,1894.300514,7.412112403
Nardostachys_grandiflora,11.91104277,2.658215518,0.870174713,5.407642401,0.451534502
Oenothera_deltoides,13.07652999,2,0,0.140255767,0.681289708
Orchis_purpurea,31.5663959,5.98329841,11.27559834,2.729530407,193.9108552
Oxytropis_jabalambrensis,3.002648819,2.16813555,0.023447959,6.526224146,4.817431369
Panax_quinquefolius_2,18.02210188,3.177444488,2.351013699,2.639980499,10.62634328
Panax_quinquefolius_3,9.766692139,2.909973331,2.781148116,1.718188729,4.325396235
Paronychia_pulvinata,183.675996,3.002506266,0,0.999237182,0.037576188
Pedicularis_furbishiae,10.16752757,4.860304632,0.412744795,11.77904228,5.217166539
Petrocoptis_pseudoviscosa_2,48.54531964,2,3.780348645,1.484730118,2.591665027
Phaseolus_lunatus,3.958706257,2,0.003820541,0.35096289,5.198044381
Picris_hieracioides,4.08958833,3.678714859,0.083852968,0.605782548,275
Plantago_media,40.38978917,7.664991417,0.018782112,0.080982738,1.2575
Polemonium_van-bruntiae,4.792614112,4.913519387,2.128694058,19.41445366,104.92
Primula_elatior,25.63215883,5.097205538,0.889235869,2.540111911,2.252687304
Primula_farinosa,14.41499609,6.890740152,0.355829268,1.177563058,0.675444444
Primula_veris_2,14.88506689,7.145653896,0.094391211,2.885227697,24.68656671
Primula_vulgaris,11.58676048,3.035700731,0.586403311,17.31494963,1.783693465
Primula_vulgaris_3,8.374292883,3.357894528,0.519890973,0.46478029,1.958
Pyrrocoma_radiata,5.62397125,3.867869262,0.52534022,5.161211658,6.3536
Ramonda_myconi,41.72191929,7.683440122,0.846755843,1.804199361,0.360692178
Ranunculus_bulbosus,4.112527997,2,0.519661449,5.158465926,9.92
Rumex_rupestris,8.151249441,2.557291587,0.061807446,0.027407897,0.106384294
Sanicula_europaea,19.25632892,6.369265487,0.071257844,0.113585283,0.762
Santolina_melidensis,14.55797335,4.295684114,0.139210129,0.145882641,0.142541541
Sarracenia_purpurea,58.97058112,24.73420147,0.17001752,1.519089812,4
Saussurea_medusa,6.574122496,7.025547019,0.521592042,1.898667421,13.8397611
Scorzonera_humilis,68.86435652,2,0.242904275,0.094037748,0.121101669
Senecio_jacobaea,2.805822069,2.938566466,0.394472818,0.931303635,3.8125
Senecio_jacobaea_2,7.284407939,8.868131868,4.256877071,10.01573033,11.5663
Silene_acaulis,88.31261118,8.999664016,0.639143505,57.71309644,0.229120075
Silene_douglasii_var._oraria,53.6329811,4.10828827,0.034708389,0.119148153,0.16
Silene_regia,7.39430301,3.259730103,0.117475608,18.4771485,8.282943528
Silene_spaldingii,13.10677253,4.525116969,0.047018382,1.794733873,0.492071667
Solidago_altissima,919.9772142,1,0.000518124,0.165910937,12720.2468
Sonchus_pustulatus,21.05753581,4.653875267,0.386163849,0.121097835,0.057801543
Succisa_pratensis_3,12.79743861,5.925987985,3.07509167,0.113609718,30.64325067
Tragopogon_pratensis,3.159332988,3.152871308,0,0.774485899,7.243388571
Trillium_apetalon,10.31313368,4.475118351,0,4.83E-06,0.412
Trillium_camschatcense,224.5578757,9.155768208,0.122427803,13.56992524,2.706
Trillium_grandiflorum_3,21.16351418,10.6047359,0.603935334,1.236450953,11.96465472
Trillium_persistens,8.814521554,6.043839758,0.606694587,1.522548795,1.8065
Trollius_laxus_2,59.52737886,2,0.052302336,0.011381858,0.003098143
Viola_elatior,6.096028319,4.000091201,0.436645193,0.399040839,1.334377949
Viola_pumila,7.544963863,4.387882734,0.178459244,0.237367754,1.330890622
Zea_diploperennis,12.10819446,3.040816327,2.674598029,0.039217945,50.19541021
Alyxia_stellata,11.43665019,4.64268737,0.260731457,0.178309289,0.920450222
Astrocaryum_mexicanum,1060.770502,32.90886543,0.083485809,0.177182401,25.97433227
Borassus_aethiopum,95.29005425,91.14648318,0.222618512,2.321240818,68
Chamaedorea_elegans,13.89101099,7.760220847,0.927462295,0.936557937,6.488265983
Chamaedorea_radicalis,21.10056487,6.13750653,1.520919288,17.24062969,2.355207964
Coccothrinax_readii,85.91070476,95.7960373,0.464733431,98.33286713,55.8
Dioon_caputoi,166.5295776,48.01757899,1.832737314,5.224273777,0.204071999
Dioon_sonorense,57.85844128,12.67816543,0.612977618,215.4530295,5.1
Dioon_spinulosum,225.1823672,255.6568985,0.323484575,746.9149739,19.3955
Encephalartos_cycadifolius,110.6415158,32.73450869,1.971179356,28.49878337,1.487283406
Encephalartos_villosus,82.98833309,22.30138707,0.8023476,44.5438172,0.623197524
Eremospatha_macrocarpa,36.53830559,7.331929171,0.069226889,0.038936699,0.4418
Euterpe_edulis,34.87249736,23.22077696,2.158430354,3006.754438,98
Euterpe_precatoria_2,73.51867428,20.277353,0.287549477,1.312877694,0.125
Geonoma_brevispatha,14.97075763,4.184713376,1.57328103,1.797830252,0.2600134
Geonoma_orbignyana,44.21421966,30.48500055,1.058639847,15.15780222,4.965480827
Iriartea_deltoidea,53.50101358,25.26604661,1.102889515,1.029225931,0.781692184
Laccosperma_secundiflorum,37.73879041,22.57493302,0.107317597,0.104111172,5.084
Mauritia_flexuosa,30.63415913,24.33145654,1.304122317,3.983343286,16.8
Neodypsis_decaryi,78.09117622,13.63464487,1.580316476,156.5633449,136.1734317
Phytelephas_seemannii,34.99393575,14.84260524,1.469776233,7.411631919,14.84919997
Pseudophoenix_sargentii,31.71855533,33.90154748,6.013700795,50.97911872,1749.028333
Rhopalostylis_sapida,142.7587071,61.63984378,1.92599882,2.678185043,327.0634422
Sabal_yapa,88.02893684,61.7764341,0.625629332,0.889361525,39.59210789
Thrinax_radiata,58.49745391,74.06167915,2.30410543,1205.704271,514.525
Acacia_bilimekii,35.60647711,18.27467621,1.131174211,1826.952529,10.33899229
Ambrosia_deltoidea,35.86348716,7.937565969,0.392415412,0.158237172,0.024215714
Ardisia_elliptica,34.71628412,12.88826711,5.212998253,942.9377983,33.87718621
Atriplex_acanthocarpa,4.379918956,2.38121547,0.69407103,3.675894745,2.133421515
Atriplex_canescens,11.2007758,2.447178003,0.997739667,4.094124592,1.022316705
Atriplex_vesicaria,42.52780206,2.097150659,0.231865202,0.463130685,0.240970852
Banksia_ericifolia,10.05893097,4.720348205,2.098845745,98.32821163,19.85648511
Betula_nana,19.06618981,2.986292875,0.486374054,0.259540896,0.097205291
Cassia_nemophila,17.98201218,2,6.350061931,510.823666,19.26653009
Clidemia_hirta,15.25191068,4.010536879,1.448218802,2374.745691,2.723394673
Cytisus_scoparius,12.49039025,2.434000143,6.209116641,41.07783785,138.735788
Fumana_procumbens,8.92660844,4.198625724,0.822693704,0.76103758,0.494885182
Gardenia_actinocarpa,9.499311445,4.598542363,2.966332953,3.56098521,112.7507297
Helianthemum_juliae,8.831321905,3.066115702,0.907521063,6.994249316,0.909028716
Lantana_camara,8.581006391,2.111111111,11.07707719,836846.8304,3690.289444
Lonicera_maackii,10.93534366,8.148175726,7.250709586,322.5708476,157.82
Lupinus_arboreus,6.259994003,1,5.198206354,8.149637817,378.6741554
Miconia_albicans,34.98757123,7.80713448,10.56629054,377.061289,1041.627892
Paliurus_ramosissimus,1.756586721,1,0.707980768,2.619090409,0.792992543
Petrophile_pulchella,13.47127515,5.571428571,4.786839334,806.9944553,20.51205898
Purshia_subintegra,10.13614023,7.3554329,9.812263743,260.1085952,160396.3709
Rosa_multiflora,7.589616347,4.488372093,8.716246415,71.34196934,30.92
Sambucus_racemosa_subsp._sieboldiana,18.14243885,38.82286498,0.17510381,55.72453705,199
Tetramolopium_arenarium,5.368143731,4.618465914,0.023206679,0.169117876,0.234090272
Ulex_minor,11.79643548,1,6.206414231,24.21278207,13.63519652
Vella_pseudocytisus_subsp._paui,18.96043696,4.160556258,1.196539423,1.931008582,0.167614043
Ariocarpus_scaphirostris,141.9720602,87.34415187,0,20316.88889,52.89921875
Astrophytum_asterias,6.259932605,1,4.575781588,6.610940395,16.83915059
Astrophytum_capricorne_2,19.63348281,1,13.99942787,0.010144761,262.6561117
Astrophytum_ornatum,36.05790857,1,12.19372901,0.029114218,123.3022601
Carnegiea_gigantea,36.19434774,1,0,2.14E-10,452600
Coryphantha_robbinsorum,26.45137223,6.842364462,6.749974631,3.853216443,33
Echinocactus_platyacanthus,72.00549472,9.764111702,18.17891722,0.023019783,3329.328795
Escontria_chiotilla,61.79239135,52.36283342,2.918653452,3.140538438,13.52686645
Espeletia_timotensis,17.9419475,2,1.852105389,47.8578777,539.0765124
Harrisia_fragrans,59.13330311,2.602564103,0.152438594,0.034417474,0.028692382
Lophophora_diffusa,24.79958436,5.744889916,12.16867675,0.054602978,514.4550528
Mammillaria_crucigera,67.78686747,2,0.0624745,0.011404935,2.026127485
Mammillaria_dixanthocentron_2,7.723911967,5.333333333,0.494345089,53.49034652,5.875324206
Mammillaria_hernandezii_2,24.7645343,3.890334186,0.461578313,0.636072047,3.478930436
Mammillaria_huitzilopochtli,26.82044615,3.625487646,0.012033757,0.003709868,0.006991236
Mammillaria_magnimamma,17.09103989,2,1.688207225,5.417377768,5.670393904
Mammillaria_mystax,9.129580509,6.791536126,0.982116838,2.923063796,1.323532554
Mammillaria_napina,58.07775966,4.94059833,2.055147213,0.146901173,10.04171775
Mammillaria_pectinifera,15.3182953,4.309120258,0.240481813,0.010723636,1.723343668
Mammillaria_pectinifera_3,5.559865836,4.382086708,16.05611226,2959.469799,328410
Mammillaria_supertexta,9.142213734,6.504504505,1.129295321,2.15384261,6.386280836
Neobuxbaumia_macrocephala,65.55069102,36.9418506,1.431376766,6.166501,69.48161788
Neobuxbaumia_mezcalaensis,57.48217391,48.12559352,0.124149036,133.2821152,681.0275457
Neobuxbaumia_polylopha,76.92555378,16.5580114,11.80176213,0.974701047,954.022748
Neobuxbaumia_tetetzo,80.51419865,47.735791,1.59946041,11.29420498,57.18099323
Pachycereus_pecten-aboriginum,107.575755,115.2190209,2.619784215,39692.23879,3.872998077
Stenocactus_crispatus,28.70443838,6,0.291989207,457.4551099,1.062609819
Abies_concolor,85.56756475,36.62562236,0.960910242,2.856785835,0.088206667
Abies_magnifica,88.87230554,36.06979974,1.004605558,4.166747234,0.084958062
Abies_sachalinensis_2,44.76560543,10.23436385,1.652683767,2.847988699,0.0592
Acer_mono,51.08507655,32.42526355,0.619058119,1204.537487,854.7828262
Acer_rufinerve,72.69782628,95.44250453,0.609594119,425.4966464,1328.11458
Annamocarya_sinensis,152.701118,47.25986429,0,0.023673663,0.392441997
Aquilaria_crassna,92.09934042,64.98832348,1.539590288,10.95339221,0.99648
Aquilaria_malaccensis,9.881498076,7.354228948,0.498753087,7.389500017,4686.343589
Aquilaria_microcarpa,25.92862083,8.059603472,0.669710921,113.0682348,6473.330217
Araucaria_araucana,21.5410384,1,4.69E-18,1.20E-16,12.158291
Araucaria_cunninghamii,141.0248,88.88781237,0,23.2449906,17728.37126
Araucaria_hunsteinii,43.704881,28.46763615,9.940160509,74.66453857,7952.567346
Avicennia_germinans,29.75869963,10.02128149,1.120532901,59.84057718,14.29999833
Bertholletia_excelsa,195.6649228,122.093153,1.224983959,4.263092054,6.450668222
Brosimum_alicastrum,54.8804129,15.69896882,1.526184047,32.42671126,3376.200148
Calocedrus_decurrens,136.5248585,46.90536933,1.498206954,77.8901323,0.272666666
Calocedrus_macrolepis,98.93591943,40.9991341,0.051428792,0.041039066,3.474510111
Camellia_japonica_2,116.8503227,24.69662921,1.802383132,5.270376196,1.53296364
Castanea_dentata,85.24279497,19.74403711,0.177614178,0.520060452,0.442730398
Cecropia_obtusifolia,24.42414534,4.38042543,5.478885395,1.350558837,320928.8663
Chlorocardium_rodiei,323.447488,206.3778948,0,0.496763862,125
Choerospodnias_axillaris,511.6934258,4.969394538,0.001992014,0.000463828,5.190503192
Dacrydium_elatum,127.2973678,46.30344029,0.378896482,0.401774144,1.277042002
Dicorynia_guianensis,177.2488649,59.82352941,3.229420067,1.250000022,0.009615385
Dicymbe_altsonii,224.6389118,210.6517692,0.726064258,488.170184,195
Duguetia_neglecta,177.7700878,101.2091565,1.750762452,2.942685507,0.517413803
Entandrophragma_cylindricum,105.5062737,36.86444245,3.114684733,2.813308362,0.02739726
Eperua_falcata,180.4570854,47.72897196,2.49402278,0.655870805,0.0072
Fagus_grandifolia,47.92505287,14.80212607,0.931311301,1.22088195,0.033351266
Grias_peruviana,60.5782274,17.63113695,1.830173293,1.492965834,20
Guettarda_viburnoides,40.95611822,5.080232626,0.074398388,0.059078257,7.657833333
Juniperus_procera,103.4131844,46.78754579,0,6.805046805,0.76
Khaya_senegalensis,59.88549515,6.137635719,1.123353516,0.240510001,0.380405786
Manglietia_fordiana,116.6040918,33.68622385,0.008233868,0.005082436,0.706547091
Nothofagus_fusca,172.9087189,39.49637681,1.755475525,1.659339861,0.645
Oxandra_asbeckii,97.94295878,1,2.81188762,41.88469694,0.039
Parashorea_chinensis,140.6553858,40.98901439,0.453624347,0.480437434,2.100852639
Parkinsonia_aculeata,11.82512517,2.020408163,5.022507354,38.51912598,267.7155655
Pentaclethra_macroloba,112.9417795,79.63249039,0.529008078,1.213236469,131.9420034
Phyllanthus_emblica_3,54.88273942,14.34732421,1.042714907,0.00299657,538.6076
Phyllanthus_indofischeri,58.28757439,15.95573759,3.114018746,5.877573665,163.5460523
Pinus_kwangtungensis,182.5693187,57.64631293,0.007315452,0.004960021,0.073
Pinus_lambertiana_2,121.9781227,35.90128541,0.377927235,0.184577957,0.611942402
Manilkara_zapota,98.20086132,52.90855879,1.269706553,18.00414483,1032.85
Pinus_nigra,14.55642568,7.992031873,5.154308481,17431.00734,402.4687491
Pinus_palustris,165.6077389,38.34584594,0,0.660969282,0.027366835
Pinus_ponderosa,513.1309029,32.22099124,0.111658372,1.072101836,0.0104
Pinus_strobus,124.6566493,74.75282676,1.253803349,8.090093844,19.18
Pinus_sylvestris,14.57988026,11.79723502,0.547283582,15.05820212,1.488200475
Prioria_copaifera,38.96075392,8.17749321,0.077358464,25.50969013,0.170161768
Prosopis_laevigata,192.6738773,8.01754386,1.22475373,4.974870506,0.030613742
Prunus_africana,204.6083341,44.06101196,0.069008621,0.041072753,9.150840821
Prunus_serotina,114.5237262,9.818181818,0.022818053,0.897913314,2524
Psidium_guajava,6.849202655,4.643999726,3.387236753,431.4445062,7197.336265
Pterocarpus_angolensis,139.8801662,5.545454545,0.126392862,0.015909091,0.014857024
Quercus_rugosa,96.58158021,27.80431543,0.98574813,1.16603011,0.272667172
Rhizophora_mangle,32.03359025,6.755167514,0.471612783,3.864479248,20.20554656
Rhododendron_ponticum_2,34.72475628,11,5.964226607,28815.04671,9.08299082
Sapium_sebiferum,46.73162701,8.41098238,3.255249465,1820.098199,18.48199008
Scaphium_borneense,308.4537292,149.4484526,2.413407431,53.62294838,0.109274724
Shorea_acuminata,323.9078837,80.20937293,2.150164767,20.65953717,0.026718353
Shorea_bracteolata,293.4917251,102.4435859,1.856336831,36.97772379,0.053727134
Shorea_leprosula,58.77636066,44.0858733,1.615097334,8.024569933,12.21068713
Shorea_maxwelliana,494.0350342,148.9803947,2.30066511,96.15076538,0.03865227
Shorea_ovalis,413.0412587,119.3437384,1.831002743,11.98811987,0.020820077
Stryphnodendron_excelsum,78.60318851,78.26510088,0,37.38033491,1785.437735
Styrax_obassia,140.7110706,76.09372414,2.216730073,25.56608441,18.795
Swietenia_macrophylla,152.3808963,28.18803152,1.387810453,441.1625577,3.333963572
Syzygium_jambos,20.52887934,9.936507937,1.188785071,32.75995277,374.3117944
Taxus_brevifolia,114.0256289,26.75757576,0,12.25757576,0.143335606
Taxus_floridana,119.725623,14.20554517,0.020906829,0.014899121,4.256558748
Tetraberlinia_bifoliolata,55.96295864,77.41310705,3.541467276,253.0884315,127
Tsuga_canadensis,180.9834264,36.75457097,2.204060427,1.422655415,1.452242275
Vatica_hainanensis,46.76255551,22.68703266,0.432891115,1.016994446,208.1316871
Vochysia_ferruginea,42.78329603,6.909156807,0.734333291,54.84141949,60.59737187
Astroblepus_ubidiai,3.632338173,3,0.352608067,1.915376277,15.12712834
Brachyrhaphis_rhabdophora,18.90845778,3.290918187,0.005225277,0.01035378,91.03838101
Cottus_sp._3,4.258478724,2,0.435312639,0.693488335,31.54386242
Notropis_photogenis,1.132747608,1,0.034530014,1.04852,1.041878626
Pylodictis_olivaris,16.57940303,6.783809515,0.613527593,1.000702056,6386.228479
Rutilus_rutilus,6.001950137,4,0.253614632,0.957855278,108.6564012
Salvelinus_confluentus_2,6.370882936,5.061965699,0.124546982,0.525703413,42.8799005
Sardina_pilchardus,2.185710472,2.149425287,0.295405713,1.024630542,6.12
Stellifer_illecebrosus,4.210883926,3,0.473843976,2.729655243,3.301342288
Zoarces_viviparus,4.205185601,3,0.314657456,1.552139092,43.34633498
Epidalea_calamita,7.327125193,3,0.476421437,1.529247656,17.20445591
Leptogorgia_virgulata,21.20043838,3.278584576,0.004732103,0.00237467,2.36232
Paramuricea_clavata,39.46916031,9.550002681,0.1476365,0.081296623,0.112449065
Anser_caerulescens,6.744526048,2,0.70184249,1.90194276,0.372034196
Anthropoides_paradiseus,11.55941978,5,0.104494956,42.26495369,3.03861
Bostrychia_hagedash,7.088734738,3,0.374438651,0.620771541,0.311201399
Buteo_solitarius,13.59802685,4,0.050072056,0.487872,0.28
Calyptorhynchus_lathami_2,13.87669384,5,0.063227261,1.584660429,0.296
Centrocercus_minimus,4.171010349,3,0.088256795,0.12164775,0.444226991
Coragyps_atratus_2,15.56118266,8,0.044751469,2.355143556,0.4987
Diomedea_melanophris,53.21013793,9.8189567,0.010769182,0.030729981,0.067592
Fulmarus_glacialis,23.24799641,9,0.01366962,0.40959059,0.06775
Haliaeetus_albicilla,12.09505895,5,0.294191707,0.521610999,0.182266873
Milvus_migrans,5.56255679,1,1.11946874,1.302585112,0.410114084
Pernis_apivorus_2,8.95121472,4,0.071947671,0.607651468,0.202
Phalacrocorax_auritus_2,9.154275095,4,0.086206585,0.988893641,0.8445
Phoebastria_immutabilis,20.5053143,9,0.021913151,0.83765445,0.336
Picoides_borealis,5.034009509,2,0.730401104,0.86062726,0.647326753
Sterna_hirundo_2,13.16351964,3.880443277,0.833098347,0.681815062,0.208938084
Thalassarche_melanophrys,23.35509528,10.31163097,0.142305211,0.477347063,0.103218492
Tympanuchus_cupido,2.71730784,2,0.408470981,2.08197286,3.164
Mya_arenaria,5.738786144,2,1.81933596,147.3844975,17.73184854
Nuttallia_obscurata,10.32392025,2.020408163,0.285887968,0.081718023,0.256100994
Daphnia_magna,4.309600253,4,0.002010564,0.019981468,233.0263501
Daphnia_pulex_3,2.556232163,2,0,0.963768519,7.11891233
Spongia_graminea,23.75280184,6.019535434,0.332649816,0.349461155,0.75
Xestospongia_muta,57.72320404,5.749280229,0.443264011,0.12228364,0.005183239
Haliotis_laevigata,8.114103462,3.511683498,1.769247466,166.653737,25.53879032
Haliotis_rufescens,9.183190615,4.199456753,0.782250661,1.000028486,6.57157569
Helix_aspersa,3.304894867,3,0.152497075,1.001320313,75
Lepetodrilus_fucensis,3.618651104,3.033339709,3.45E-06,1.40E-05,312.6651921
Umbonium_costatum,5.29925782,2.064028087,0.863442818,2.205445447,0.77298891
Boloria_eunomia,5,5,0,0.608686575,89
Colias_alexandra,7,7,0,11.41555212,705.75
Scolytus_ventralis_2,4.969615106,4,0.256500696,7.989629583,52.81
Acinonyx_jubatus_2,15.81740655,5,0.064496475,0.06253914,2.972475805
Alces_alces_9,5.559106354,2,1.074176308,1.025199447,0.248092699
Brachyteles_hypoxanthus,37.20487465,9,0.039823847,6.413582044,0.15163655
Callorhinus_ursinus,10.38591139,3,0.626151277,1.002573665,0.290630689
Callospermophilus_lateralis,1.588315384,1,0.394845046,3.043051684,1.669523173
Canis_lupus_subsp._familiaris,3.871018156,3,0.086073128,1.028783028,0.673538359
Cebus_capucinus,29.36270287,7,0.0351911,1.834884026,0.109174821
Cercopithecus_mitis,21.45230122,8,0.049188549,2.139141849,0.155511236
Clethrionomys_rufocanus,2.806011437,2,0.486748061,2.894860642,3.595887042
Didelphis_aurita,2.829698656,2,0.330125392,3.422055844,2.374593845
Elephas_maximus_2,31.73154512,16,0.523941141,5.097699678,0.223841875
Enhydra_lutris_2,8.986638235,3,0.848567767,2.908111019,0.521449426
Eumetopias_jubatus,9.644827956,4,0.265576894,0.379337664,0.235890114
Gorilla_beringei,38.8165862,10,0.025198222,2.79434235,0.082151343
Lagothrix_lagothricha,21.21483399,8.027663455,0.609586166,1.217803307,0.441
Lepus_europaeus_3,3.350753644,2,0.437484182,0.514320275,11.28554824
Macaca_mulatta_2,9.884201037,3,0.375316558,1.349722111,0.253436245
Marmota_flaviventris_2,4.210145972,2,0.434884753,0.613143509,0.525551489
Mirounga_angustirostris,10.84265413,6,0.139670251,0.503814682,0.71261529
Mirounga_leonina_3,11.58585118,6,0.047567227,0.824352201,0.4
Odocoileus_virginianus_subsp._borealis,1.771505111,1,0.435728128,3.609463764,1.376747028
Onychogalea_fraenata,6.485520915,4,0.026922381,5.555541,3.1
Orcinus_orca_2,28.72058859,8.900325588,1.346006516,0.969232821,0.111946548
Ovis_aries_2,8.035845234,3,0.144196108,2.131664854,1.133510667
Ovis_canadensis_4,10.14127652,3,0.127640664,0.302320693,0.198656769
Papio_cynocephalus,21.85968833,7,0.05774394,3.148699374,0.231246516
Phacochoerus_aethiopicus,6.622947781,3,0.28571503,0.35896673,0.557856736
Propithecus_verreauxi,21.96254613,7,0.03084953,0.727065748,0.082974017
Rangifer_tarandus_2,6.940075305,3,0.711478862,2.44344474,0.717112177
Rangifer_tarandus_subsp._platyrhynchus,8.563182592,2,1.363004331,2.854056331,0.247750323
Saguinus_fuscicollis,4.999149762,2,0.270647496,2.262298969,0.638242748
Saguinus_imperator,6.168036775,2,1.337009724,2.265701049,0.667
Sigmodon_hispidus_2,2.015760644,2,0.193911841,46.01242368,44.44496151
Spermophilus_armatus_2,1.448003429,1,0.153856283,1.057854185,0.726
Spermophilus_beldingi,3.341096919,2,0.512120874,1.351916544,3.269130822
Spermophilus_columbianus,4.290074398,3,0.19376793,0.474574584,0.607707041
Spermophilus_dauricus,3.867970827,2,0.366309561,0.735307009,1.114789353
Tamiasciurus_hudsonicus,2.910078559,1,0.734505478,1.018476895,0.555486802
Ursus_maritimus_2,18.49067053,8.569836512,0.045995984,0.322576191,0.45856
Chrysemys_picta,12.77591913,8,0.268687209,1.00851564,6.6
Crocodylus_johnstoni,17.07032338,8.954306477,0.861430174,1.136314534,2.628981479
Crocodylus_niloticus_2,22.11886994,10.45837135,1.640118742,2.645317677,13.05
Hoplocephalus_bungaroides,9.978478538,6,0.064705863,1.538247001,1.741
Kinosternon_flavescens_2,25.58525651,4,0.105996647,38.25391355,0.31875
Kinosternon_integrum,15.79388064,5.947714315,0.080365956,0.052163396,1.024467913
Kinosternon_subrubrum_2,12.61749453,5,0.341291491,0.600759571,0.96
Podocnemis_lewyana,7.036317237,4,0.185933602,3.846709919,36.29336257
Podocnemis_expansa,26.63427751,3.785076758,0.357050852,0.201783135,81.40033774
Vipera_aspis,8.9911587,5,0.040890704,0.306821476,0.932
Xenosaurus_grandis,5.140938506,3.546887299,0.558636643,2.281732693,1.622661486
Xenosaurus_platyceps,6.299080734,4.065758847,0.718425254,1.323640209,2.341304162
Zootoca_vivipara,1.962629084,1,0.353018647,0.493054157,0.606698444
Tillandsia_macdougallii,39.45708161,7.999250091,0.096788332,0.049780012,0.060690206
Geranium_sylvaticum,11.00485004,6.547833371,0.996671208,1.057960958,1.491231772
Pinguicula_alpina,19.51634622,10.23771661,0.61983545,1.880430543,5.182585839
Pinguicula_villosa,6.568615413,5.02335205,0.2361045,0.979997216,6.58147597
Pinguicula_vulgaris,17.97283801,10.21297806,0.809748711,4.435011618,15.8530978
Zamia_amblyphyllidia,194.6659586,32.56312643,0,0.007593686,7.596
Himatanthus_drasticus,192.0546611,13.61644076,0.002960433,0.00107753,2.502239625
Pterocarya_rhoifolia,116.4392223,1,0,374.5723014,466.7339871
Ambloplites_rupestris_2,3.009969595,3,0.150992157,15.29545584,1004
Cottus_bairdi,2.350240363,2,0.93919777,28.23723364,30.65509998
Etheostoma_flabellare_2,2.07153051,2,1.057201705,50.72796491,139.4577853
Nocomis_leptocephalus,2.013669658,2,0.152022872,48.82310421,388.9184014
Amazona_vittata,10.90294462,6.310344828,1.126562084,3.889064039,1.05264
Anarhynchus_frontalis,14.06169701,3,0.068839708,0.465845455,0.29
Anser_anser,6.138982487,3,0.129976718,3.971396251,1.0319
Falco_peregrinus_subsp._anatum,6.738991857,3,0.144916814,1.2100736,0.664
Himantopus_novaezelandiae,6.177005709,3,0.069404382,0.204561411,0.398571429
Isurus_oxyrinchus_2,16.65754414,11.80813751,1.302287267,3.633195508,3.119079833
Pagurus_longicarpus,4.084679115,2.396648045,0.747330387,1.041836034,1.812140333
Antechinus_agilis,2.15811108,2,0.291669158,1.514411765,5.149
Eidolon_helvum,5.386639605,2,0.447970504,2.1973,0.881113825
Hippocamelus_bisulcus,17.17981838,3,0.090272782,1.249248,0.0936
Lontra_canadensis,5.75615556,2,0.385373581,1.090777447,0.508406852
Odocoileus_virginianus_3,7.094736906,2,0.191905215,0.184771887,0.570227173
Ovis_canadensis_subsp._sierrae,10.46061307,3,0.145110359,2.572008978,0.305752
Propithecus_edwardsi,17.0050599,3.545595054,0.323732765,1.81341233,0.25
Pseudalopex_culpaeus,4.116532601,2,0.371281365,2.829166667,0.97
Rattus_fuscipes,2.038727935,2,0.227683615,3.550263158,13.491
Urocyon_littoralis_2,3.723854928,2,0.205474416,0.191515789,0.548581042
Zalophus_californianus,7.636817543,3.548330015,0.333249454,0.678452735,0.378571429
Chelodina_expansa,26.68079814,7.524861878,0.48519189,0.258479614,8
Cryptophis_nigrescens,5.378963177,3,0.155997671,1.875635625,2.116
Drymarchon_couperi,5.554760942,2,0.347844176,0.576533665,0.686524258
Emydura_macquarii,54.53457748,5.095975232,0.08873517,0.057416268,12
Malaclemys_terrapin_2,9.864263642,3.748251748,0.554368019,1.917579986,3.45
Phrynosoma_cornutum,3.880366871,3,0.15468198,1.030471698,6.62
Sceloporus_grammicus,2.76726636,2.227818553,0.491433463,0.739941254,3.738156602